acc,val_acc,type,sigma,lambda,n1,n2,n3,n4,sp1,sp2,sp3,sp4
0.8353550334685295,0.831961520052441,type1,0.0001,0.0032990000000000003,53.333333333333336,50.0,50.0,20.0,0.03543209876543211,0.00106666666666666,0.0020000000000000018,0.0
0.8281807663824029,0.8250367979680314,type1,0.0001,0.006589,53.333333333333336,50.0,49.666666666666664,18.333333333333332,0.05185185185185185,0.0021333333333333573,0.03533333333333336,0.08333333333333333
0.8358130425111447,0.8327953242695371,type1,0.0001,0.009878,53.0,50.0,49.333333333333336,18.666666666666668,0.11074074074074074,0.003866666666666685,0.04999999999999997,0.0666666666666667
0.8359287479200015,0.8331816136425099,type1,0.0001,0.013168000000000001,52.0,50.0,49.666666666666664,18.666666666666668,0.15320987654320986,0.002266666666666639,0.024666666666666687,0.07142857142857144
0.8354410921602341,0.8327207329126362,type1,0.0001,0.016457,49.666666666666664,50.0,49.0,19.333333333333332,0.19506172839506172,0.0020000000000000018,0.028000000000000025,0.033333333333333326
0.8385993751928424,0.8362050884737688,type1,0.0001,0.019747,48.333333333333336,50.0,49.333333333333336,18.0,0.22530864197530864,0.0020000000000000386,0.04366666666666671,0.10238095238095245
0.8381882100769845,0.8343539131318812,type1,0.0001,0.023036,46.333333333333336,50.0,48.333333333333336,18.333333333333332,0.28259259259259256,0.0046666666666666705,0.06533333333333331,0.08333333333333337
0.8360358377223657,0.8333996277684506,type1,0.0001,0.026326,48.333333333333336,50.0,48.333333333333336,19.333333333333332,0.30666666666666664,0.003066666666666662,0.055000000000000014,0.0357142857142857
0.8379185737862079,0.8351456224896784,type1,0.0001,0.029615,44.666666666666664,50.0,48.666666666666664,19.0,0.3349382716049383,0.002666666666666632,0.048333333333333305,0.05000000000000001
0.8337381174157431,0.8302576024560363,type1,0.0001,0.03126,45.0,50.0,47.333333333333336,18.333333333333332,0.34456790123456793,0.012933333333333352,0.09100000000000001,0.08333333333333333
0.834985945615227,0.8323612037164366,type1,0.0001,0.032904,43.333333333333336,50.0,46.333333333333336,18.666666666666668,0.3233333333333333,0.008533333333333356,0.10599999999999998,0.06904761904761904
0.8305033356241966,0.8276739817178443,type1,0.0001,0.036194,43.666666666666664,50.0,49.666666666666664,18.333333333333332,0.36987654320987656,0.0028000000000000247,0.015333333333333346,0.08333333333333333
0.8353349468996734,0.8320303784398568,type1,0.0001,0.039483,43.666666666666664,49.666666666666664,46.0,18.666666666666668,0.36049382716049383,0.024933333333333325,0.11066666666666665,0.0666666666666667
0.8329578635138691,0.8299784051840415,type1,0.0001,0.042773,41.666666666666664,50.0,46.666666666666664,19.666666666666668,0.3796296296296296,0.00946666666666666,0.06800000000000002,0.016666666666666684
0.8268115001140841,0.8250884392451411,type1,0.0001,0.046062,40.666666666666664,49.666666666666664,43.666666666666664,18.0,0.3769135802469136,0.02626666666666666,0.1403333333333333,0.10000000000000002
0.8267283124446344,0.8248340963505102,type1,0.0001,0.049352,41.0,49.333333333333336,43.666666666666664,18.0,0.4012345679012346,0.04986666666666665,0.15966666666666665,0.10238095238095239
0.8298301873741325,0.8278020908483484,type1,0.0001,0.05264099999999999,38.0,49.333333333333336,43.0,18.333333333333332,0.4271604938271605,0.0336,0.17933333333333334,0.0857142857142857
0.8295251561849458,0.8274368433912732,type1,0.0001,0.055929999999999994,39.333333333333336,47.0,39.666666666666664,17.666666666666668,0.43432098765432087,0.1366666666666667,0.23666666666666666,0.11666666666666665
0.8298961572132258,0.8275687992881209,type1,0.0001,0.05922,36.333333333333336,46.666666666666664,42.666666666666664,18.666666666666668,0.4381481481481481,0.10253333333333332,0.19333333333333336,0.0666666666666667
0.8263094990768014,0.8244286746295056,type1,0.0001,0.06250900000000001,38.0,43.0,39.0,18.666666666666668,0.4702469135802469,0.21453333333333335,0.22499999999999998,0.0666666666666667
0.7500870077069139,0.7498212043863322,type1,0.0001,0.12500899999999998,40.666666666666664,16.0,21.333333333333332,17.666666666666668,0.7995061728395062,0.7866666666666666,0.596,0.1166666666666667
0.6819586495451763,0.6820428082238363,type1,0.0001,0.25000700000000003,27.666666666666668,4.0,8.333333333333334,13.666666666666666,0.9587654320987654,0.9652,0.8483333333333333,0.3166666666666667
0.6709624985305617,0.6709624988245487,type1,0.0001,0.500005,11.0,2.6666666666666665,4.666666666666667,10.666666666666666,0.9814814814814815,0.9729333333333333,0.9196666666666667,0.47380952380952385
0.8338738926973678,0.8312902917111781,type1,0.0003,0.001963,54.0,50.0,49.666666666666664,19.0,0.04308641975308639,0.0021333333333333573,0.009000000000000006,0.05238095238095238
0.8349601279281664,0.8318678152452298,type1,0.0003,0.00294,53.666666666666664,50.0,49.666666666666664,19.0,0.06469135802469135,0.0016000000000000088,0.008666666666666675,0.05000000000000001
0.8320915663570599,0.8296972656821121,type1,0.0003,0.003428,54.0,50.0,50.0,19.333333333333332,0.06543209876543206,0.00146666666666669,0.015000000000000013,0.03571428571428573
0.838130839160918,0.8347268286800382,type1,0.0003,0.003672,53.666666666666664,50.0,49.666666666666664,19.333333333333332,0.08135802469135804,0.0020000000000000018,0.00833333333333334,0.03571428571428573
0.8356294575561732,0.8326480657072249,type1,0.0003,0.0037939999999999996,54.0,50.0,49.666666666666664,18.666666666666668,0.08444444444444443,0.0020000000000000018,0.008666666666666675,0.0666666666666667
0.8380161019526288,0.8365435738456823,type1,0.0003,0.003855,54.0,50.0,49.0,18.333333333333332,0.08209876543209875,0.004800000000000027,0.026333333333333358,0.08333333333333333
0.8321680603954719,0.8295270661074511,type1,0.0003,0.003915999999999999,53.666666666666664,50.0,49.333333333333336,19.333333333333332,0.07543209876543207,0.001866666666666683,0.016000000000000014,0.03333333333333337
0.8304603133138461,0.8281080781924809,type1,0.0003,0.007821999999999999,53.333333333333336,50.0,48.333333333333336,18.333333333333332,0.16592592592592592,0.002266666666666676,0.056333333333333346,0.08333333333333337
0.8279283278248379,0.8247231790862087,type1,0.0003,0.015635,53.666666666666664,50.0,44.0,18.333333333333332,0.22827160493827162,0.029199999999999966,0.15400000000000003,0.08333333333333333
0.802683069154878,0.8021380232794494,type1,0.0003,0.03126,53.0,34.666666666666664,29.666666666666668,17.333333333333332,0.47555555555555556,0.5192,0.4456666666666667,0.13333333333333333
0.7392314267323798,0.7387695588102278,type1,0.0003,0.06250900000000001,53.333333333333336,12.0,14.0,16.333333333333332,0.8496296296296296,0.8896000000000001,0.739,0.18333333333333335
0.7181130614493054,0.7179285129914396,type1,0.0003,0.12500899999999998,51.0,2.6666666666666665,8.0,15.0,0.9580246913580247,0.9613333333333335,0.847,0.25
0.7043841187137021,0.7043946382459124,type1,0.0003,0.25000700000000003,48.666666666666664,1.3333333333333333,5.333333333333333,11.666666666666666,0.9769135802469137,0.984,0.9053333333333334,0.4166666666666667
0.6283931082886306,0.6280926392561167,type1,0.0003,0.500005,28.666666666666668,1.0,2.0,5.666666666666667,0.985679012345679,0.9941333333333334,0.9653333333333333,0.7166666666666667
0.8252146529301488,0.8228031833133906,type1,0.0005,0.0008320000000000001,54.0,50.0,50.0,20.0,0.025432098765432065,0.002266666666666676,0.0023333333333333353,0.002380952380952373
0.829984123140953,0.8280908817599696,type1,0.0005,0.001655,54.0,50.0,49.666666666666664,19.333333333333332,0.051975308641975304,0.002400000000000032,0.015000000000000013,0.03571428571428574
0.8361438865574197,0.8339867284110456,type1,0.0005,0.002477,54.0,50.0,49.0,19.666666666666668,0.060987654320987676,0.0014666666666666532,0.020666666666666684,0.016666666666666684
0.8349955062144829,0.8320208047685442,type1,0.0005,0.0032990000000000003,54.0,50.0,49.0,18.666666666666668,0.09283950617283954,0.005066666666666664,0.03300000000000003,0.06904761904761902
0.8335449756883196,0.8312501101090314,type1,0.0005,0.004122,54.0,50.0,49.333333333333336,19.333333333333332,0.10432098765432096,0.0033333333333333734,0.01833333333333335,0.0357142857142857
0.8372042948977984,0.8347918440020473,type1,0.0005,0.004944,54.0,50.0,47.333333333333336,19.666666666666668,0.1193827160493827,0.0017333333333333645,0.055000000000000014,0.019047619047619053
0.8389244856200327,0.8356600449803415,type1,0.0005,0.005767,53.666666666666664,50.0,47.666666666666664,19.666666666666668,0.13691358024691358,0.011066666666666669,0.05000000000000001,0.016666666666666684
0.8343806752204013,0.8320877417707416,type1,0.0005,0.006589,53.666666666666664,50.0,46.0,17.666666666666668,0.14320987654320985,0.011199999999999988,0.1226666666666667,0.11666666666666668
0.8364909803619162,0.833361387533707,type1,0.0005,0.007411,54.0,50.0,45.666666666666664,19.0,0.15555555555555556,0.011866666666666656,0.10366666666666668,0.05238095238095238
0.8340297546333978,0.8318869398806285,type1,0.0005,0.007821999999999999,53.666666666666664,50.0,45.666666666666664,19.666666666666668,0.15271604938271607,0.004933333333333308,0.08766666666666667,0.016666666666666684
0.8342305513853635,0.8308963361446047,type1,0.0005,0.008234,53.666666666666664,50.0,46.333333333333336,18.666666666666668,0.14938271604938272,0.016533333333333327,0.0766666666666667,0.06904761904761907
0.8355711381573262,0.8332198533453781,type1,0.0005,0.009056,54.0,50.0,46.333333333333336,18.0,0.17320987654320988,0.016800000000000037,0.10266666666666668,0.10238095238095235
0.833025761369361,0.8303493888512578,type1,0.0005,0.009878,54.0,50.0,43.666666666666664,17.666666666666668,0.1697530864197531,0.017600000000000022,0.15666666666666665,0.1166666666666667
0.825599045164037,0.8240041414707342,type1,0.0005,0.010701,54.0,50.0,41.0,19.333333333333332,0.17962962962962967,0.030933333333333295,0.18133333333333337,0.03571428571428573
0.8297546492415185,0.8271193796321604,type1,0.0005,0.011523,54.0,49.666666666666664,37.0,17.666666666666668,0.2106172839506173,0.10666666666666669,0.27999999999999997,0.1166666666666667
0.8330687835472114,0.830800720731192,type1,0.0005,0.012345,54.0,50.0,42.333333333333336,18.0,0.22925925925925927,0.08439999999999999,0.18966666666666665,0.10476190476190476
0.8310617543847211,0.829136937713184,type1,0.0005,0.013168000000000001,54.0,49.333333333333336,37.333333333333336,18.666666666666668,0.2401234567901235,0.19000000000000003,0.275,0.06904761904761907
0.8281100017330932,0.8262090973377024,type1,0.0005,0.01399,54.0,49.666666666666664,37.666666666666664,17.666666666666668,0.23839506172839506,0.13759999999999997,0.2856666666666667,0.11904761904761905
0.8262674238810103,0.8240844533278281,type1,0.0005,0.014812,53.666666666666664,48.333333333333336,36.666666666666664,19.333333333333332,0.2796296296296296,0.21973333333333334,0.27133333333333337,0.033333333333333326
0.8171463602733328,0.8156432158046667,type1,0.0005,0.015635,54.0,48.0,34.666666666666664,18.666666666666668,0.2955555555555555,0.3196,0.3453333333333333,0.0666666666666667
0.7636055901028911,0.7631332350063142,type1,0.0005,0.03126,53.333333333333336,39.666666666666664,18.0,16.333333333333332,0.7451851851851852,0.7842666666666668,0.6756666666666667,0.18333333333333335
0.7232162290064804,0.7232755191601982,type1,0.0005,0.06250900000000001,52.333333333333336,16.333333333333332,9.333333333333334,15.333333333333334,0.9087654320987655,0.9225333333333333,0.8176666666666668,0.23571428571428568
0.7201975492895286,0.7202845600608038,type1,0.0005,0.12500899999999998,51.333333333333336,2.3333333333333335,6.333333333333333,12.333333333333334,0.9611111111111112,0.9710666666666667,0.8823333333333334,0.3904761904761904
0.7122439799743193,0.7123042242552285,type1,0.0005,0.25000700000000003,45.666666666666664,1.3333333333333333,4.333333333333333,10.666666666666666,0.9782716049382715,0.9857333333333335,0.9186666666666667,0.4666666666666666
0.48757338816317214,0.48757339121655513,type1,0.0005,0.500005,0.0,0.0,0.3333333333333333,2.6666666666666665,1.0,1.0,0.9940000000000001,0.8666666666666667
0.8345546994649005,0.8316020020102973,type1,0.0007,0.001963,54.0,50.0,49.666666666666664,19.666666666666668,0.06419753086419751,0.00826666666666668,0.008000000000000007,0.019047619047619056
0.8401197194339526,0.8369566358452355,type1,0.0007,0.00294,54.0,50.0,48.666666666666664,18.666666666666668,0.09444444444444444,0.008799999999999992,0.05633333333333331,0.0666666666666667
0.8379635140141698,0.8351360609651133,type1,0.0007,0.003428,54.0,50.0,49.333333333333336,19.0,0.09888888888888892,0.00826666666666668,0.03433333333333336,0.05000000000000001
0.8374777649254418,0.8346426810265614,type1,0.0007,0.003672,53.666666666666664,50.0,49.333333333333336,18.0,0.11493827160493826,0.0029333333333333065,0.038,0.09999999999999999
0.8325409741142265,0.8300548808938318,type1,0.0007,0.0037329999999999998,54.0,50.0,49.0,19.666666666666668,0.09876543209876543,0.002933333333333343,0.026000000000000023,0.016666666666666684
0.8313572111589648,0.8285995722839589,type1,0.0007,0.0037939999999999996,54.0,50.0,47.666666666666664,19.666666666666668,0.10345679012345681,0.00293333333333338,0.053666666666666675,0.016666666666666684
0.8321977048885527,0.8294601269980443,type1,0.0007,0.003915999999999999,53.666666666666664,50.0,47.666666666666664,18.666666666666668,0.10395061728395065,0.01253333333333336,0.05833333333333331,0.06666666666666665
0.8300061265178079,0.8273737175316692,type1,0.0007,0.007821999999999999,54.0,50.0,42.666666666666664,18.333333333333332,0.16358024691358028,0.04666666666666667,0.17566666666666667,0.08333333333333333
0.7971878492140592,0.7961676089243609,type1,0.0007,0.015635,54.0,49.333333333333336,25.666666666666668,17.666666666666668,0.45975308641975304,0.4994666666666667,0.5233333333333333,0.11904761904761903
0.7486957572992612,0.7480618163640184,type1,0.0007,0.03126,53.333333333333336,22.666666666666668,14.666666666666666,15.666666666666666,0.8322222222222223,0.852,0.7293333333333333,0.21904761904761905
0.7200273467916781,0.7199020883222156,type1,0.0007,0.06250900000000001,53.0,7.0,8.0,14.666666666666666,0.9239506172839507,0.9350666666666667,0.8466666666666667,0.26904761904761904
0.7183004688593361,0.7183511593439494,type1,0.0007,0.12500899999999998,51.0,3.0,5.333333333333333,10.333333333333334,0.9490123456790123,0.9682666666666666,0.9033333333333333,0.4833333333333334
0.6976860403113688,0.6978887081095574,type1,0.0007,0.25000700000000003,30.666666666666668,17.666666666666668,3.0,9.0,0.9771604938271605,0.9832,0.9470000000000001,0.5499999999999999
0.4877110778060587,0.4877110754478961,type1,0.0007,0.500005,0.0,0.0,0.0,2.6666666666666665,1.0,1.0,1.0,0.8666666666666667
0.8359975938199703,0.8332925309487766,type1,0.0009,0.0004980000000000001,54.0,50.0,50.0,19.333333333333332,0.026790123456790143,0.0013333333333333342,0.01933333333333335,0.03333333333333337
0.8374156197336783,0.8340307114514779,type1,0.0009,0.00062,54.0,50.0,50.0,20.0,0.033580246913580226,0.0016000000000000085,0.009333333333333343,0.002380952380952373
0.8234791896714171,0.8211776298372481,type1,0.0009,0.000681,54.0,50.0,50.0,19.333333333333332,0.032469135802469164,0.0028000000000000247,0.006000000000000005,0.04047619047619048
0.8348013969758824,0.8319691786306659,type1,0.0009,0.000742,54.0,50.0,50.0,19.333333333333332,0.03320987654320987,0.0029333333333333433,0.007000000000000006,0.045238095238095265
0.8324864677978869,0.829316711749355,type1,0.0009,0.000987,54.0,50.0,50.0,19.666666666666668,0.03975308641975309,0.0018666666666666831,0.02100000000000002,0.016666666666666684
0.8299076444976737,0.8269549052683751,type1,0.0009,0.001963,53.666666666666664,50.0,49.666666666666664,19.0,0.06407407407407406,0.001866666666666683,0.022333333333333354,0.05238095238095242
0.8251439009851391,0.822550733207733,type1,0.0009,0.003915999999999999,54.0,50.0,47.0,19.0,0.10395061728395061,0.009066666666666667,0.08033333333333333,0.05000000000000001
0.8308016593501675,0.8281023698276133,type1,0.0009,0.007821999999999999,53.666666666666664,50.0,41.666666666666664,19.666666666666668,0.17469135802469135,0.08853333333333335,0.20233333333333334,0.016666666666666684
0.7919584584369437,0.7912814883194503,type1,0.0009,0.015635,54.0,50.0,25.0,17.666666666666668,0.579753086419753,0.5397333333333333,0.514,0.11666666666666665
0.7391587430756387,0.738551573205421,type1,0.0009,0.03126,53.333333333333336,19.0,12.666666666666666,14.333333333333334,0.8461728395061728,0.8916,0.7876666666666666,0.2833333333333333
0.7204958768713977,0.7202730911879667,type1,0.0009,0.06250900000000001,52.666666666666664,11.333333333333334,7.0,13.333333333333334,0.9418518518518519,0.9443999999999999,0.8729999999999999,0.3333333333333333
0.7184429406060217,0.7182555427974623,type1,0.0009,0.12500899999999998,50.666666666666664,2.3333333333333335,5.333333333333333,9.0,0.9598765432098766,0.9763999999999999,0.8976666666666667,0.5547619047619048
0.6379805803039309,0.637702762631083,type1,0.0009,0.25000700000000003,31.333333333333332,0.6666666666666666,2.6666666666666665,5.666666666666667,0.9883950617283951,0.9949333333333333,0.9556666666666667,0.7166666666666667
0.4873419900246018,0.4873419902568467,type1,0.0009,0.500005,0.0,0.0,0.0,2.6666666666666665,1.0,1.0,1.0,0.8690476190476191
0.8371995176679053,0.8343558179324071,type1,0.001,0.000421,54.0,50.0,50.0,20.0,0.024814814814814807,0.0017333333333333272,0.0013333333333333346,0.014285714285714271
0.8363781513426812,0.8334608305073887,type1,0.001,0.0008320000000000001,54.0,50.0,50.0,19.666666666666668,0.03481481481481482,0.0009333333333333415,0.0030000000000000027,0.030952380952380953
0.835389452217138,0.832210137024768,type1,0.001,0.0012439999999999999,54.0,50.0,50.0,19.333333333333332,0.0525925925925926,0.0020000000000000386,0.01766666666666668,0.03333333333333337
0.8341760433463928,0.8315389046391449,type1,0.001,0.001655,54.0,50.0,50.0,18.333333333333332,0.06506172839506175,0.0022666666666666764,0.0346666666666667,0.08333333333333333
0.8385496535859503,0.8358398201024023,type1,0.001,0.002066,54.0,50.0,50.0,19.333333333333332,0.07962962962962965,0.0013333333333333346,0.01666666666666668,0.03571428571428573
0.8324950697450078,0.8292306656140046,type1,0.001,0.002477,53.333333333333336,50.0,49.333333333333336,19.333333333333332,0.08814814814814816,0.0014666666666666532,0.03633333333333336,0.03333333333333337
0.8375829505781923,0.8349161409320067,type1,0.001,0.002888,54.0,50.0,49.333333333333336,18.666666666666668,0.09617283950617284,0.0025333333333333137,0.044000000000000004,0.0666666666666667
0.8356495415898011,0.8324969825182217,type1,0.001,0.0032990000000000003,54.0,50.0,48.333333333333336,19.333333333333332,0.10012345679012347,0.004133333333333322,0.04466666666666667,0.03333333333333337
0.8345986901233756,0.8317014369030801,type1,0.001,0.003711,54.0,50.0,48.0,19.666666666666668,0.10728395061728398,0.002266666666666639,0.050666666666666714,0.016666666666666684
0.8328259191501665,0.8299324856228575,type1,0.001,0.003915999999999999,54.0,50.0,46.0,19.0,0.10395061728395061,0.00733333333333334,0.12233333333333334,0.05000000000000001
0.8300759170123483,0.8274789242587143,type1,0.001,0.004122,54.0,50.0,47.0,17.666666666666668,0.10975308641975308,0.010666666666666677,0.1386666666666667,0.11904761904761908
0.825887826430272,0.8235413243136219,type1,0.001,0.004533,54.0,50.0,46.666666666666664,18.666666666666668,0.11148148148148147,0.0025333333333333505,0.09199999999999997,0.06666666666666665
0.8332954001841889,0.8306056553865954,type1,0.001,0.004944,54.0,50.0,44.333333333333336,19.0,0.12135802469135804,0.015466666666666663,0.16466666666666666,0.05000000000000005
0.8288118394673085,0.8264232905867571,type1,0.001,0.0053549999999999995,54.0,50.0,44.666666666666664,17.666666666666668,0.13123456790123458,0.020266666666666693,0.22033333333333335,0.11666666666666668
0.8268650443200564,0.8249622352746196,type1,0.001,0.005767,54.0,50.0,43.333333333333336,18.333333333333332,0.12962962962962965,0.019733333333333342,0.17866666666666667,0.09523809523809523
0.8337744554634473,0.8313323503833826,type1,0.001,0.006178,53.666666666666664,50.0,39.333333333333336,18.333333333333332,0.154320987654321,0.07653333333333334,0.25866666666666666,0.08333333333333333
0.8322340368838069,0.82998412684743,type1,0.001,0.006589,54.0,50.0,41.666666666666664,18.333333333333332,0.1453086419753086,0.04733333333333334,0.21166666666666667,0.0857142857142857
0.8320122001307776,0.8297316976782163,type1,0.001,0.006999999999999999,54.0,50.0,39.333333333333336,18.666666666666668,0.1637037037037037,0.09866666666666668,0.2623333333333333,0.0666666666666667
0.8310808731906395,0.8291790214085509,type1,0.001,0.007411,53.666666666666664,50.0,38.0,16.666666666666668,0.18839506172839507,0.1282666666666667,0.3186666666666667,0.16904761904761903
0.8298712960029357,0.8275324624609922,type1,0.001,0.007821999999999999,54.0,50.0,38.666666666666664,17.333333333333332,0.18703703703703703,0.12226666666666669,0.2803333333333334,0.13333333333333333
0.7883459879545297,0.7874012665771862,type1,0.001,0.015635,54.0,50.0,19.666666666666668,17.0,0.5807407407407407,0.596,0.6463333333333333,0.15000000000000002
0.7318219186376927,0.7316899682767665,type1,0.001,0.03126,54.0,17.333333333333332,8.666666666666666,13.666666666666666,0.8865432098765432,0.9196,0.8473333333333333,0.3166666666666667
0.7216662505735738,0.7218986104991162,type1,0.001,0.06250900000000001,52.333333333333336,5.0,7.0,12.0,0.9355555555555556,0.9584,0.8673333333333333,0.39999999999999997
0.7186236649000682,0.7186207916566371,type1,0.001,0.12500899999999998,52.333333333333336,2.3333333333333335,5.0,10.666666666666666,0.9587654320987654,0.9690666666666666,0.9093333333333332,0.4666666666666666
0.560347044337835,0.560352365196612,type1,0.001,0.25000700000000003,16.0,0.3333333333333333,1.0,3.0,0.994074074074074,0.9977333333333332,0.9820000000000001,0.85
0.488196822489154,0.4881968248856732,type1,0.001,0.500005,0.0,0.0,0.0,2.0,1.0,1.0,1.0,0.9
0.8318917245887313,0.829276542904105,type1,0.003,0.001963,54.0,50.0,49.0,19.0,0.06999999999999999,0.014533333333333323,0.08499999999999996,0.05000000000000005
0.8346465028280304,0.8317874881527315,type1,0.003,0.00294,53.666666666666664,50.0,48.0,18.333333333333332,0.09641975308641974,0.05773333333333334,0.18199999999999997,0.09523809523809527
0.8362691500620684,0.8337132504308112,type1,0.003,0.002991,54.0,50.0,48.0,18.0,0.0917283950617284,0.05319999999999999,0.18900000000000003,0.11428571428571428
0.8286798805801898,0.8257979536424608,type1,0.003,0.003042,54.0,50.0,48.0,18.333333333333332,0.08716049382716051,0.039466666666666685,0.153,0.08333333333333336
0.8312931504933986,0.8286607616086825,type1,0.003,0.003094,53.666666666666664,50.0,45.0,18.666666666666668,0.08901234567901235,0.07480000000000002,0.19499999999999998,0.07857142857142858
0.8327350769701658,0.8297967197666724,type1,0.003,0.003145,54.0,50.0,45.333333333333336,18.666666666666668,0.09123456790123456,0.09360000000000002,0.2233333333333333,0.09523809523809523
0.8326949152264564,0.8308752995989711,type1,0.003,0.0031969999999999998,54.0,50.0,44.666666666666664,18.333333333333332,0.09148148148148146,0.10173333333333334,0.24100000000000002,0.08333333333333337
0.8332963603200616,0.8302805461608672,type1,0.003,0.0032479999999999996,54.0,50.0,45.0,18.0,0.09370370370370369,0.12706666666666666,0.274,0.10952380952380954
0.8330056792965839,0.8304354536624716,type1,0.003,0.0032990000000000003,54.0,50.0,45.666666666666664,18.0,0.09518518518518519,0.09733333333333334,0.245,0.12380952380952381
0.8352756696175945,0.8330056793480503,type1,0.003,0.003351,53.666666666666664,50.0,42.666666666666664,17.666666666666668,0.10172839506172837,0.17479999999999998,0.30066666666666664,0.1166666666666667
0.8351083360743331,0.8321240748129676,type1,0.003,0.0034020000000000005,54.0,50.0,42.0,16.333333333333332,0.10333333333333332,0.16280000000000003,0.31033333333333335,0.1880952380952381
0.8328182631683355,0.8305884467571483,type1,0.003,0.003428,54.0,50.0,41.0,19.0,0.09753086419753083,0.15973333333333337,0.2966666666666667,0.05000000000000001
0.8293616481511182,0.8273240146048947,type1,0.003,0.003454,53.666666666666664,50.0,47.0,18.0,0.09938271604938272,0.10133333333333332,0.25566666666666665,0.11190476190476188
0.8296379853832153,0.8275190830711042,type1,0.003,0.003505,54.0,50.0,39.666666666666664,17.666666666666668,0.10172839506172841,0.21466666666666664,0.371,0.1238095238095238
0.8288720757364217,0.8266240942333347,type1,0.003,0.003556,54.0,50.0,44.333333333333336,17.333333333333332,0.10395061728395061,0.1321333333333333,0.299,0.17142857142857146
0.8302269994616253,0.8280507150744736,type1,0.003,0.0036079999999999997,53.666666666666664,50.0,42.666666666666664,17.333333333333332,0.10185185185185182,0.14959999999999998,0.25033333333333335,0.14523809523809525
0.8367701938969795,0.8342047316267026,type1,0.003,0.0036590000000000004,54.0,50.0,42.0,17.333333333333332,0.09456790123456793,0.1408,0.25166666666666665,0.1547619047619048
0.8283968548285364,0.8257558678256137,type1,0.003,0.003711,54.0,50.0,38.0,17.0,0.10172839506172837,0.2750666666666667,0.393,0.15
0.8288883467351794,0.8267598477246366,type1,0.003,0.0037619999999999997,53.666666666666664,50.0,43.666666666666664,18.333333333333332,0.09901234567901233,0.14933333333333332,0.285,0.08333333333333333
0.8307911455700857,0.8288061111500186,type1,0.003,0.0038130000000000004,54.0,50.0,37.333333333333336,18.666666666666668,0.10345679012345677,0.2518666666666666,0.36033333333333334,0.11666666666666663
0.8273756463534468,0.8253427985857883,type1,0.003,0.003865,54.0,50.0,43.0,16.666666666666668,0.10172839506172841,0.17226666666666668,0.323,0.18095238095238095
0.8306964828039236,0.8287850758377538,type1,0.003,0.003915999999999999,53.666666666666664,50.0,40.666666666666664,17.666666666666668,0.11197530864197532,0.19920000000000002,0.35233333333333333,0.13095238095238096
0.8010919739331676,0.7999483530282839,type1,0.003,0.007821999999999999,54.0,50.0,21.333333333333332,17.0,0.1961728395061728,0.6045333333333334,0.6456666666666666,0.16666666666666666
0.7389187496580557,0.7385592023813808,type1,0.003,0.015635,53.666666666666664,49.0,9.0,14.0,0.5680246913580248,0.8294666666666667,0.8463333333333334,0.3261904761904762
0.7207464027564771,0.7205102220432641,type1,0.003,0.03126,54.0,41.666666666666664,6.333333333333333,11.333333333333334,0.8832098765432099,0.9151999999999999,0.9083333333333333,0.43333333333333335
0.7183148120422208,0.7179533828847809,type1,0.003,0.06250900000000001,52.666666666666664,44.666666666666664,4.333333333333333,9.333333333333334,0.957283950617284,0.9317333333333333,0.9196666666666666,0.5476190476190477
0.6108497420255293,0.6110174277949507,type1,0.003,0.12500899999999998,29.0,31.0,9.0,4.333333333333333,0.7302469135802468,0.9754666666666667,0.9693333333333333,0.7952380952380952
0.48742231046068,0.48742231266067826,type1,0.003,0.25000700000000003,0.0,0.0,0.3333333333333333,2.0,1.0,1.0,0.9993333333333334,0.9
0.48750836638457135,0.4875083655204342,type1,0.003,0.500005,0.0,0.0,0.0,1.3333333333333333,1.0,1.0,1.0,0.9333333333333332
0.8348367747429785,0.8327475172023043,type1,0.005,0.000254,54.0,50.0,50.0,19.666666666666668,0.019629629629629664,0.002666666666666632,0.01600000000000001,0.021428571428571432
0.8339561243324658,0.8321030496837736,type1,0.005,0.000376,54.0,50.0,50.0,20.0,0.0232098765432099,0.0007999999999999859,0.0023333333333333353,0.01666666666666668
0.8318362661332417,0.828830960085659,type1,0.005,0.000437,54.0,50.0,50.0,20.0,0.0232098765432099,0.0020000000000000018,0.001666666666666668,0.007142857142857155
0.8321365082065517,0.8293473015425138,type1,0.005,0.0004980000000000001,54.0,50.0,50.0,20.0,0.027283950617283947,0.0017333333333333274,0.00733333333333334,0.054761904761904755
0.8242030187805813,0.8211738128127783,type1,0.005,0.000987,54.0,50.0,50.0,20.0,0.03592592592592595,0.0011999999999999789,0.009333333333333341,0.028571428571428543
0.8285154290594668,0.8256411106059544,type1,0.005,0.001963,54.0,50.0,49.333333333333336,19.333333333333332,0.06135802469135802,0.026400000000000017,0.125,0.09047619047619049
0.8241743354419455,0.8220286388497461,type1,0.005,0.003915999999999999,54.0,50.0,34.0,18.333333333333332,0.08481481481481483,0.4381333333333333,0.4976666666666667,0.09523809523809525
0.8011149163765167,0.7997303524458598,type1,0.005,0.007821999999999999,54.0,50.0,24.666666666666668,16.0,0.15222222222222223,0.7520000000000001,0.7306666666666667,0.22857142857142856
0.7291455581016542,0.7285727806827614,type1,0.005,0.015635,54.0,49.666666666666664,12.0,13.0,0.5454320987654321,0.9036,0.8893333333333334,0.45
0.7212053693768569,0.7212120611412479,type1,0.005,0.03126,53.666666666666664,47.0,5.333333333333333,9.0,0.7602469135802469,0.9457333333333334,0.936,0.6166666666666667
0.7092970111580419,0.7095561358256873,type1,0.005,0.06250900000000001,53.333333333333336,49.666666666666664,10.333333333333334,8.0,0.4995061728395062,0.9225333333333334,0.9169999999999999,0.6119047619047618
0.48752748975978205,0.4875274882998535,type1,0.005,0.12500899999999998,0.0,0.0,7.0,1.6666666666666667,1.0,1.0,0.9923333333333334,0.9166666666666666
0.48788892879127427,0.48788892773129316,type1,0.005,0.25000700000000003,0.0,0.0,5.666666666666667,2.0,1.0,1.0,0.9913333333333334,0.9285714285714285
0.48765753142616824,0.48765752986571664,type1,0.005,0.500005,0.0,0.0,4.666666666666667,3.3333333333333335,1.0,1.0,0.9953333333333334,0.919047619047619
0.8388279005318736,0.8358818958775519,type1,0.006999999999999999,0.000987,54.0,50.0,50.0,19.666666666666668,0.035679012345679016,0.0017333333333333274,0.023333333333333355,0.04523809523809522
0.8333164469528133,0.83059798645898,type1,0.006999999999999999,0.001475,54.0,50.0,50.0,20.0,0.04345679012345679,0.003466666666666692,0.024666666666666687,0.030952380952380953
0.8286712853058247,0.8256181675104125,type1,0.006999999999999999,0.001536,53.666666666666664,50.0,50.0,19.666666666666668,0.04481481481481483,0.0036000000000000107,0.02999999999999999,0.023809523809523798
0.8325304553327489,0.829611216150285,type1,0.006999999999999999,0.0015970000000000001,54.0,50.0,50.0,19.333333333333332,0.04703703703703702,0.0054666666666666934,0.0326666666666667,0.045238095238095265
0.8279885749256503,0.8253695427126951,type1,0.006999999999999999,0.001719,54.0,50.0,50.0,20.0,0.04506172839506173,0.006000000000000005,0.03133333333333336,0.019047619047619053
0.8309737877200916,0.8287315090078474,type1,0.006999999999999999,0.001963,54.0,50.0,49.666666666666664,19.0,0.053580246913580244,0.015466666666666665,0.09200000000000001,0.08333333333333337
0.8276386010117448,0.8256640700679907,type1,0.006999999999999999,0.003915999999999999,54.0,50.0,31.0,19.0,0.07827160493827161,0.5723999999999999,0.5619999999999999,0.1166666666666667
0.8027739026203647,0.8014342743546287,type1,0.006999999999999999,0.007821999999999999,54.0,50.0,27.0,15.333333333333334,0.1179012345679012,0.8205333333333332,0.781,0.3142857142857143
0.7300548872352234,0.730033846892125,type1,0.006999999999999999,0.015635,54.0,50.0,19.666666666666668,12.333333333333334,0.33283950617283947,0.8956,0.867,0.4666666666666666
0.7183827047438155,0.7181216618187117,type1,0.006999999999999999,0.03126,54.0,45.333333333333336,5.666666666666667,8.0,0.6050617283950617,0.9272,0.9166666666666666,0.6190476190476191
0.7088399540297199,0.7089633021386547,type1,0.006999999999999999,0.06250900000000001,53.333333333333336,47.0,12.333333333333334,7.0,0.35481481481481486,0.9430666666666666,0.918,0.6785714285714285
0.5532567119376661,0.5523284403062075,type1,0.006999999999999999,0.12500899999999998,18.0,16.333333333333332,15.0,6.333333333333333,0.9922222222222222,0.9934666666666666,0.9743333333333334,0.8190476190476191
0.48768239246263545,0.4876823913399468,type1,0.006999999999999999,0.25000700000000003,0.0,0.0,24.0,2.0,1.0,1.0,0.973,0.9285714285714285
0.48747203116426796,0.4874720302360111,type1,0.006999999999999999,0.500005,0.0,0.0,5.333333333333333,0.6666666666666666,1.0,1.0,0.9946666666666667,0.9666666666666667
0.8348406075018743,0.8321948244705736,type1,0.009000000000000001,0.000254,54.0,50.0,50.0,20.0,0.014938271604938288,0.0009333333333333415,0.0020000000000000018,0.01428571428571431
0.8353253925581451,0.8327398579890316,type1,0.009000000000000001,0.000376,54.0,50.0,50.0,20.0,0.021481481481481473,0.0029333333333333438,0.001666666666666668,0.0
0.8355309758935308,0.8329808094082232,type1,0.009000000000000001,0.000437,54.0,50.0,50.0,20.0,0.020000000000000014,0.002266666666666639,0.0023333333333333353,0.016666666666666684
0.8289801405131066,0.8263563299226573,type1,0.009000000000000001,0.0004980000000000001,54.0,50.0,50.0,20.0,0.023456790123456767,0.0018666666666666831,0.0010000000000000009,0.004761904761904746
0.8312501261169349,0.8289170104278961,type1,0.009000000000000001,0.000987,53.666666666666664,50.0,50.0,20.0,0.03790123456790121,0.0010666666666666602,0.014000000000000012,0.0357142857142857
0.8283433106383642,0.826046546499622,type1,0.009000000000000001,0.001963,54.0,50.0,50.0,18.333333333333332,0.04629629629629628,0.017866666666666697,0.13333333333333333,0.14761904761904765
0.8249899636797852,0.8231569369120665,type1,0.009000000000000001,0.003915999999999999,54.0,50.0,35.0,18.333333333333332,0.06987654320987653,0.5863999999999999,0.5529999999999999,0.1261904761904762
0.8104262706951615,0.8088868023088468,type1,0.009000000000000001,0.007821999999999999,53.666666666666664,50.0,30.666666666666668,15.666666666666666,0.10444444444444445,0.8353333333333334,0.7643333333333334,0.2738095238095238
0.7356074664482192,0.735202994737095,type1,0.009000000000000001,0.015635,53.666666666666664,50.0,21.0,12.666666666666666,0.20851851851851855,0.9170666666666666,0.8583333333333334,0.45
0.718640874437421,0.7186839045867561,type1,0.009000000000000001,0.03126,54.0,49.666666666666664,23.333333333333332,10.0,0.2862962962962963,0.9278666666666666,0.903,0.6023809523809524
0.7116999090235238,0.7117228610310228,type1,0.009000000000000001,0.06250900000000001,53.0,47.666666666666664,9.666666666666666,6.666666666666667,0.29444444444444445,0.9622666666666667,0.9510000000000001,0.6904761904761904
0.5547254137179177,0.5543345250437829,type1,0.009000000000000001,0.12500899999999998,17.666666666666668,14.666666666666666,27.0,6.0,0.9611111111111111,0.9941333333333334,0.9623333333333334,0.8380952380952381
0.4873496389398227,0.4873496374423874,type1,0.009000000000000001,0.25000700000000003,0.0,0.0,27.333333333333332,1.6666666666666667,1.0,1.0,0.9630000000000001,0.9309523809523809
0.4873897995038725,0.4873897997617571,type1,0.009000000000000001,0.500005,0.0,0.0,0.0,1.6666666666666667,1.0,1.0,1.0,0.9738095238095239
0.8307022209575621,0.8282209264878032,type1,0.01,0.000987,54.0,50.0,50.0,20.0,0.02777777777777779,0.002400000000000032,0.01566666666666668,0.05238095238095238
0.8348826738635262,0.8323822485882392,type1,0.01,0.001475,53.666666666666664,50.0,50.0,18.666666666666668,0.039135802469135804,0.0033333333333333734,0.05599999999999997,0.06666666666666665
0.8316077321087646,0.8293377444891415,type1,0.01,0.001536,54.0,50.0,50.0,18.333333333333332,0.04160493827160494,0.0040000000000000036,0.09899999999999998,0.10238095238095239
0.8320475807683012,0.8300453236106503,type1,0.01,0.0015970000000000001,54.0,50.0,50.0,19.333333333333332,0.03975308641975309,0.004933333333333345,0.03433333333333332,0.05714285714285713
0.8294802151454475,0.8267216159644738,type1,0.01,0.001719,54.0,50.0,49.666666666666664,19.0,0.038888888888888896,0.011333333333333343,0.09833333333333334,0.10000000000000002
0.829292800068147,0.8271652945086955,type1,0.01,0.001963,54.0,50.0,49.333333333333336,19.333333333333332,0.044444444444444474,0.01999999999999998,0.09100000000000001,0.08095238095238096
0.8243053274432879,0.8225698542354495,type1,0.01,0.003915999999999999,54.0,50.0,33.0,17.333333333333332,0.06654320987654323,0.6133333333333333,0.5856666666666666,0.18333333333333335
0.8070298907756547,0.8057390340984464,type1,0.01,0.007821999999999999,54.0,50.0,33.333333333333336,16.0,0.08444444444444443,0.7997333333333333,0.6976666666666667,0.29285714285714287
0.7410998102179915,0.740657083209971,type1,0.01,0.015635,54.0,50.0,22.333333333333332,12.0,0.2249382716049383,0.9126666666666666,0.875,0.5166666666666667
0.72064600348408,0.7205025615108301,type1,0.01,0.03126,54.0,49.333333333333336,15.666666666666666,8.333333333333334,0.19086419753086417,0.9226666666666666,0.9173333333333334,0.6428571428571429
0.712829169279332,0.7129984141667309,type1,0.01,0.06250900000000001,53.0,50.0,22.333333333333332,6.0,0.2869135802469136,0.9488,0.9246666666666666,0.7333333333333334
0.6056865046809153,0.606945627046137,type1,0.01,0.12500899999999998,35.333333333333336,29.333333333333332,27.0,9.666666666666666,0.9538271604938271,0.988,0.9543333333333334,0.7357142857142858
0.4873439022960384,0.487343901545422,type1,0.01,0.25000700000000003,0.0,0.0,29.0,1.6666666666666667,1.0,1.0,0.971,0.9404761904761904
0.4874108358015717,0.4874108369247793,type1,0.01,0.500005,0.0,0.0,0.0,3.6666666666666665,1.0,1.0,1.0,0.9476190476190477
0.8315656591440342,0.8287946376403869,type1,0.03,0.000987,54.0,50.0,50.0,20.0,0.01765432098765433,0.0014666666666666532,0.0040000000000000036,0.011904761904761899
0.8376833501683221,0.8347669751115651,type1,0.03,0.001231,54.0,50.0,50.0,19.666666666666668,0.02172839506172841,0.0037333333333333294,0.04066666666666666,0.0595238095238095
0.8292277805388801,0.826625997887419,type1,0.03,0.001292,54.0,50.0,50.0,19.666666666666668,0.02111111111111112,0.0023999999999999577,0.02833333333333336,0.05238095238095238
0.8285584572148457,0.826121121879508,type1,0.03,0.001353,54.0,50.0,50.0,19.666666666666668,0.02123456790123457,0.002400000000000032,0.032333333333333325,0.04761904761904764
0.8270782757022106,0.8242871568777055,type1,0.03,0.001475,54.0,50.0,50.0,19.666666666666668,0.022098765432098766,0.0023999999999999946,0.043666666666666666,0.05238095238095238
0.8281339015527475,0.825627740545939,type1,0.03,0.001963,54.0,50.0,50.0,18.0,0.027530864197530886,0.004266666666666678,0.1486666666666667,0.13809523809523813
0.819280567242877,0.8172897767586208,type1,0.03,0.003915999999999999,54.0,50.0,47.0,15.333333333333334,0.03666666666666666,0.0938666666666667,0.36400000000000005,0.2833333333333333
0.8103708082589375,0.8090512755384385,type1,0.03,0.007821999999999999,54.0,50.0,37.0,15.0,0.04765432098765432,0.5499999999999999,0.6856666666666666,0.3833333333333333
0.7623826268823306,0.7618672423448488,type1,0.03,0.015635,54.0,50.0,41.666666666666664,13.0,0.08654320987654322,0.5132,0.8103333333333333,0.5023809523809524
0.7295471510750055,0.7293836389399552,type1,0.03,0.03126,53.333333333333336,50.0,37.666666666666664,9.333333333333334,0.12567901234567902,0.6863999999999999,0.8643333333333333,0.7142857142857143
0.7184716325318191,0.718368355879231,type1,0.03,0.06250900000000001,53.333333333333336,47.333333333333336,33.333333333333336,10.0,0.1949382716049383,0.9548000000000001,0.902,0.6333333333333333
0.6906618735442985,0.6908282505873083,type1,0.03,0.12500899999999998,53.0,43.333333333333336,4.666666666666667,11.666666666666666,0.3251851851851852,0.9826666666666667,0.9813333333333333,0.6238095238095238
0.4873649383165483,0.487364937689341,type1,0.03,0.25000700000000003,0.0,4.0,18.333333333333332,9.333333333333334,1.0,0.9946666666666667,0.9753333333333334,0.6428571428571428
0.48774358887538716,0.4877435885304003,type1,0.03,0.500005,0.0,0.0,0.0,9.333333333333334,1.0,1.0,1.0,0.769047619047619
0.8314069269488652,0.8287143255936252,type1,0.05,0.000254,54.0,50.0,50.0,20.0,0.0041975308641975335,0.0015999999999999719,0.0010000000000000009,0.007142857142857155
0.8366372789575017,0.8336864871560161,type1,0.05,0.000376,54.0,50.0,50.0,20.0,0.005308641975308633,0.0020000000000000018,0.001666666666666668,0.011904761904761899
0.8376020736059232,0.8348358200331116,type1,0.05,0.000437,54.0,50.0,50.0,20.0,0.006419753086419733,0.00146666666666669,0.0013333333333333346,0.0
0.833207431759187,0.8298598290068591,type1,0.05,0.0004980000000000001,54.0,50.0,50.0,20.0,0.006296296296296282,0.0021333333333333573,0.0020000000000000018,0.009523809523809526
0.8268879897502099,0.824453543310434,type1,0.05,0.000987,54.0,50.0,50.0,20.0,0.01382716049382715,0.0014666666666666532,0.00366666666666667,0.014285714285714271
0.8246533846039904,0.8222428284896054,type1,0.05,0.001963,54.0,50.0,50.0,18.666666666666668,0.019629629629629625,0.002666666666666706,0.08433333333333333,0.11428571428571432
0.8204872760691324,0.8187087617639027,type1,0.05,0.003915999999999999,54.0,50.0,50.0,17.0,0.02839506172839505,0.011733333333333337,0.22933333333333336,0.20952380952380956
0.8075892516183746,0.805605186274221,type1,0.05,0.007821999999999999,54.0,50.0,45.333333333333336,16.0,0.036049382716049405,0.23186666666666667,0.5856666666666667,0.3452380952380952
0.7766804984913872,0.7758505303280049,type1,0.05,0.015635,53.666666666666664,50.0,44.0,14.333333333333334,0.060123456790123465,0.2890666666666667,0.7356666666666666,0.4619047619047619
0.7299219727349117,0.7295538453151841,type1,0.05,0.03126,53.666666666666664,50.0,45.333333333333336,13.0,0.1051851851851852,0.2853333333333334,0.8210000000000001,0.5499999999999999
0.7171893827120147,0.7172151958410727,type1,0.05,0.06250900000000001,53.333333333333336,49.666666666666664,41.333333333333336,9.0,0.12716049382716046,0.6074666666666667,0.811,0.6476190476190476
0.6923151140472578,0.6925054095408026,type1,0.05,0.12500899999999998,52.0,48.0,31.0,12.333333333333334,0.1796296296296296,0.9794666666666667,0.7703333333333333,0.530952380952381
0.4877741867510021,0.48777418748602236,type1,0.05,0.25000700000000003,0.0,0.0,29.0,10.333333333333334,1.0,1.0,0.7953333333333333,0.5928571428571429
0.4878009599105016,0.4878009594719248,type1,0.05,0.500005,0.0,0.0,0.0,11.333333333333334,1.0,1.0,1.0,0.65
0.8347707980279649,0.8317626461647541,type1,0.07,0.0004980000000000001,54.0,50.0,50.0,19.666666666666668,0.007283950617283967,0.0016000000000000088,0.01800000000000002,0.016666666666666684
0.8352096906701099,0.8322885440220413,type1,0.07,0.000559,54.0,50.0,50.0,19.666666666666668,0.00641975308641977,0.0014666666666666532,0.020666666666666684,0.033333333333333326
0.8252940333937994,0.8225736652187837,type1,0.07,0.00062,54.0,50.0,50.0,20.0,0.006666666666666672,0.0011999999999999789,0.0013333333333333346,0.0
0.8314384844354205,0.8292191867982707,type1,0.07,0.000742,54.0,50.0,50.0,20.0,0.007530864197530869,0.0018666666666666831,0.003333333333333336,0.011904761904761899
0.8314547363272405,0.8288443692614313,type1,0.07,0.000987,54.0,50.0,50.0,20.0,0.009259259259259264,0.0017333333333333274,0.003333333333333336,0.007142857142857155
0.8290250746743281,0.8269778676050592,type1,0.07,0.001963,54.0,50.0,50.0,19.666666666666668,0.018888888888888917,0.002266666666666639,0.024666666666666687,0.05238095238095238
0.8189516447090357,0.8173892074102306,type1,0.07,0.003915999999999999,54.0,50.0,50.0,19.0,0.024814814814814807,0.004133333333333322,0.07866666666666666,0.07142857142857144
0.8106796551966727,0.8089021128316273,type1,0.07,0.007821999999999999,54.0,50.0,48.0,15.333333333333334,0.03259259259259258,0.07239999999999998,0.4656666666666667,0.29523809523809524
0.7841674514748131,0.7830257588344077,type1,0.07,0.015635,53.666666666666664,50.0,45.0,15.666666666666666,0.05308641975308644,0.256,0.723,0.39523809523809533
0.7333642553739231,0.732667180154711,type1,0.07,0.03126,54.0,50.0,42.666666666666664,11.0,0.09555555555555555,0.24160000000000004,0.8706666666666667,0.6809523809523811
0.7171788662572097,0.7174179083084194,type1,0.07,0.06250900000000001,53.666666666666664,49.666666666666664,42.0,11.666666666666666,0.11641975308641979,0.2936,0.8213333333333334,0.4785714285714286
0.6967747728194832,0.6968120897247841,type1,0.07,0.12500899999999998,53.0,47.666666666666664,39.0,11.333333333333334,0.1554320987654321,0.7753333333333333,0.6863333333333334,0.611904761904762
0.5282581703557997,0.5279647370991402,type1,0.07,0.25000700000000003,18.0,28.666666666666668,31.333333333333332,11.0,0.7948148148148149,0.7063999999999999,0.7976666666666666,0.5476190476190476
0.4871010312754211,0.4871010326814562,type1,0.07,0.500005,0.0,0.0,0.0,9.666666666666666,1.0,1.0,1.0,0.6666666666666666
0.8322043902231675,0.8288711333767348,type1,0.09,0.000132,54.0,50.0,50.0,20.0,0.0027160493827160423,0.002266666666666676,0.0006666666666666673,0.0
0.8332925446838844,0.8300720785694266,type1,0.09,0.000254,54.0,50.0,50.0,19.666666666666668,0.002962962962962945,0.003066666666666662,0.01833333333333335,0.019047619047619053
0.8310875627316792,0.8280124805914458,type1,0.09,0.0004980000000000001,54.0,50.0,50.0,20.0,0.005555555555555573,0.00106666666666666,0.0020000000000000018,0.009523809523809492
0.8322063119936369,0.8289877673690373,type1,0.09,0.000987,54.0,50.0,50.0,20.0,0.008148148148148163,0.0013333333333333346,0.00366666666666667,0.002380952380952373
0.8298005419337223,0.8275056839882016,type1,0.09,0.001963,54.0,50.0,50.0,19.666666666666668,0.014444444444444446,0.0032000000000000175,0.01666666666666668,0.021428571428571425
0.8245290754231581,0.82213000854334,type1,0.09,0.003915999999999999,54.0,50.0,50.0,19.0,0.020246913580246922,0.004000000000000041,0.09300000000000001,0.0976190476190476
0.808591342390044,0.8065078150473348,type1,0.09,0.007821999999999999,54.0,50.0,49.0,18.333333333333332,0.02999999999999999,0.03240000000000002,0.19833333333333336,0.13809523809523808
0.788133713011117,0.7869537731237956,type1,0.09,0.015635,53.666666666666664,50.0,48.0,15.666666666666666,0.04518518518518518,0.08306666666666666,0.6546666666666666,0.3761904761904762
0.739020098794212,0.7391424905847943,type1,0.09,0.03126,54.0,49.666666666666664,45.666666666666664,14.0,0.08641975308641976,0.1990666666666667,0.7063333333333333,0.4142857142857143
0.7196945936353543,0.719307333768502,type1,0.09,0.06250900000000001,53.666666666666664,48.666666666666664,44.0,13.666666666666666,0.1154320987654321,0.22480000000000003,0.605,0.37857142857142856
0.7050027721494909,0.7052475574271417,type1,0.09,0.12500899999999998,53.333333333333336,48.333333333333336,41.0,7.666666666666667,0.11839506172839505,0.2876,0.9146666666666666,0.7976190476190478
0.5243177380011427,0.5246123094713808,type1,0.09,0.25000700000000003,52.333333333333336,46.666666666666664,29.0,12.0,0.20925925925925928,0.7031999999999999,0.9576666666666668,0.5142857142857143
0.48773976414020087,0.4877397640700641,type1,0.09,0.500005,0.0,0.0,7.0,9.333333333333334,1.0,1.0,0.9826666666666667,0.6619047619047619
0.829220133223167,0.8264099008777762,type1,0.09,7.099999999999999e-05,54.0,50.0,50.0,20.0,0.003827160493827142,0.002266666666666676,0.0023333333333333353,0.002380952380952373
0.8328383433537708,0.8298942498865687,type1,0.1,0.000254,54.0,50.0,50.0,19.666666666666668,0.002962962962962982,0.0021333333333333573,0.007000000000000006,0.016666666666666684
0.8359975965857447,0.8333996166936412,type1,0.1,0.000376,54.0,50.0,50.0,20.0,0.004814814814814827,0.0023999999999999573,0.0006666666666666673,0.011904761904761899
0.8328622537367908,0.8301409408769138,type1,0.1,0.000437,54.0,50.0,50.0,19.666666666666668,0.0041975308641975335,0.0020000000000000018,0.01833333333333335,0.021428571428571425
0.8319816088850424,0.8293817193963373,type1,0.1,0.0004980000000000001,54.0,50.0,50.0,20.0,0.004814814814814827,0.0014666666666666528,0.0020000000000000018,0.004761904761904746
0.8294161508243773,0.8268879963906954,type1,0.1,0.000987,54.0,50.0,50.0,19.666666666666668,0.008395061728395029,0.0018666666666666831,0.021666666666666685,0.030952380952380953
0.8303780795718175,0.8277485619636451,type1,0.1,0.001963,54.0,50.0,50.0,20.0,0.012345679012345697,0.0016000000000000088,0.010000000000000009,0.023809523809523798
0.8239687492977348,0.8211566095971358,type1,0.1,0.003915999999999999,54.0,50.0,50.0,18.0,0.02123456790123457,0.0029333333333333433,0.14066666666666666,0.14761904761904762
0.8125260566703595,0.8106710520732393,type1,0.1,0.007821999999999999,54.0,50.0,49.666666666666664,16.0,0.026049382716049396,0.013866666666666657,0.29600000000000004,0.24285714285714288
0.7867510641486505,0.7853359075099746,type1,0.1,0.015635,54.0,50.0,49.333333333333336,13.333333333333334,0.042098765432098784,0.0470666666666667,0.5876666666666667,0.42619047619047623
0.7410319173324211,0.7408196420814516,type1,0.1,0.03126,54.0,50.0,48.0,13.666666666666666,0.08246913580246913,0.14853333333333338,0.7576666666666667,0.5071428571428571
0.7194851882195296,0.7193991321565912,type1,0.1,0.06250900000000001,53.666666666666664,49.333333333333336,46.333333333333336,12.666666666666666,0.08765432098765429,0.22413333333333332,0.7663333333333333,0.430952380952381
0.7088935059882355,0.7092616200213713,type1,0.1,0.12500899999999998,53.333333333333336,49.0,38.333333333333336,12.0,0.12370370370370369,0.49400000000000005,0.9093333333333332,0.6190476190476191
0.5652904072712972,0.5653496498833336,type1,0.1,0.25000700000000003,52.333333333333336,47.0,27.0,10.0,0.17185185185185184,0.7276000000000001,0.9373333333333332,0.5547619047619047
0.4877493251155138,0.4877493229530537,type1,0.1,0.500005,0.0,0.0,14.0,9.0,1.0,1.0,0.9406666666666667,0.6595238095238095
0.8343223480372197,0.8312482072680306,type1,0.3,0.000132,54.0,50.0,50.0,20.0,0.0024691358024691392,0.001866666666666646,0.002666666666666669,0.0
0.8302289058604836,0.8269453730589045,type1,0.3,0.000193,54.0,50.0,50.0,20.0,0.002345679012345688,0.0010666666666666602,0.0023333333333333353,0.0
0.8320858202632838,0.8297565698647591,type1,0.3,0.000254,54.0,50.0,50.0,20.0,0.0016049382716049425,0.0008000000000000228,0.0013333333333333346,0.009523809523809526
0.8286703276834325,0.825841922547681,type1,0.3,0.0004980000000000001,54.0,50.0,50.0,20.0,0.0028395061728394935,0.0018666666666666831,0.0033333333333333357,0.016666666666666646
0.828818538462852,0.825992992640518,type1,0.3,0.000987,54.0,50.0,50.0,20.0,0.004444444444444437,0.0013333333333333712,0.0020000000000000018,0.0
0.8270983468164187,0.8243598450879447,type1,0.3,0.001963,54.0,50.0,50.0,20.0,0.006543209876543184,0.0016000000000000088,0.0020000000000000018,0.002380952380952373
0.8291885801080977,0.8265839225723526,type1,0.3,0.003915999999999999,54.0,50.0,50.0,20.0,0.009135802469135812,0.0020000000000000018,0.00366666666666667,0.004761904761904746
0.8211164420717202,0.8188235128274771,type1,0.3,0.007821999999999999,54.0,50.0,50.0,19.333333333333332,0.016913580246913584,0.0016000000000000456,0.04133333333333333,0.05000000000000001
0.8065422308414082,0.8054560089339833,type1,0.3,0.015635,54.0,50.0,50.0,20.0,0.019382716049382687,0.004266666666666678,0.015000000000000013,0.011904761904761899
0.7818601653063822,0.7811669319435431,type1,0.3,0.03126,54.0,50.0,49.666666666666664,19.333333333333332,0.03444444444444442,0.016000000000000014,0.07833333333333332,0.04523809523809522
0.738421528074923,0.7381289296700212,type1,0.3,0.06250900000000001,54.0,50.0,47.666666666666664,18.0,0.05098765432098765,0.07133333333333336,0.24733333333333338,0.15476190476190477
0.7146497484013411,0.7145550846323786,type1,0.3,0.12500899999999998,54.0,50.0,43.666666666666664,18.0,0.04419753086419753,0.15200000000000002,0.2826666666666667,0.1238095238095238
0.7022460843878777,0.7022623394749714,type1,0.3,0.25000700000000003,53.666666666666664,49.666666666666664,44.333333333333336,15.666666666666666,0.05271604938271605,0.16866666666666666,0.4963333333333333,0.3142857142857143
0.6263946131781505,0.6259910614929652,type1,0.3,0.500005,53.333333333333336,47.333333333333336,36.333333333333336,12.333333333333334,0.12012345679012344,0.3850666666666667,0.6613333333333333,0.530952380952381
0.8360721660354632,0.8329999565084466,type1,0.5,0.000132,54.0,50.0,50.0,20.0,0.0022222222222222365,0.0012000000000000155,0.00366666666666667,0.0
0.8340842606544151,0.8306075583974165,type1,0.5,0.000193,54.0,50.0,50.0,20.0,0.001481481481481491,0.002400000000000032,0.007000000000000006,0.002380952380952373
0.8307041362724871,0.8278575677465781,type1,0.5,0.000254,54.0,50.0,50.0,20.0,0.0017283950617283939,0.0017333333333333645,0.0006666666666666673,0.002380952380952373
0.8299650104248243,0.8277083841923664,type1,0.5,0.0004980000000000001,54.0,50.0,50.0,20.0,0.0030864197530864335,0.001066666666666697,0.0020000000000000018,0.009523809523809526
0.8246897230078606,0.8219750907538416,type1,0.5,0.000987,54.0,50.0,50.0,19.666666666666668,0.0022222222222222365,0.0016000000000000085,0.01700000000000002,0.019047619047619056
0.8258610429005154,0.823068985582471,type1,0.5,0.001963,54.0,50.0,50.0,19.666666666666668,0.002592592592592591,0.0018666666666666831,0.018666666666666682,0.016666666666666684
0.8320332352745415,0.829205795299198,type1,0.5,0.003915999999999999,54.0,50.0,50.0,20.0,0.005679012345679025,0.0018666666666666458,0.0030000000000000027,0.007142857142857155
0.8212589135529508,0.8191409681584991,type1,0.5,0.007821999999999999,54.0,50.0,50.0,19.666666666666668,0.00864197530864197,0.0018666666666666458,0.021666666666666685,0.02857142857142858
0.8162351053721015,0.814369591322857,type1,0.5,0.015635,54.0,50.0,50.0,20.0,0.015555555555555545,0.0032000000000000175,0.01633333333333335,0.011904761904761899
0.7979279419620893,0.7967164571639235,type1,0.5,0.03126,54.0,50.0,49.666666666666664,20.0,0.022962962962962963,0.01200000000000001,0.015000000000000013,0.002380952380952373
0.7597397245369631,0.7589929467581032,type1,0.5,0.06250900000000001,54.0,50.0,49.666666666666664,20.0,0.0366666666666667,0.019066666666666638,0.03233333333333336,0.014285714285714271
0.7310837429437634,0.731032109355272,type1,0.5,0.12500899999999998,54.0,50.0,48.666666666666664,16.666666666666668,0.053827160493827186,0.05866666666666668,0.25233333333333335,0.1761904761904762
0.7103373424391237,0.7101872194316994,type1,0.5,0.25000700000000003,53.666666666666664,50.0,47.666666666666664,17.333333333333332,0.05407407407407405,0.09360000000000002,0.23166666666666666,0.15238095238095237
0.6946730792899339,0.6946223998511664,type1,0.5,0.500005,53.666666666666664,48.666666666666664,45.0,16.333333333333332,0.09086419753086421,0.15946666666666665,0.345,0.22142857142857142
0.8343137490509721,0.8317530661217781,type1,0.7,0.000987,54.0,50.0,50.0,20.0,0.0018518518518518456,0.0018666666666666831,0.001666666666666668,0.01428571428571431
0.8342917500315273,0.832036106392298,type1,0.7,0.001475,54.0,50.0,50.0,20.0,0.0027160493827160423,0.0012000000000000157,0.001666666666666668,0.002380952380952373
0.8312424705338631,0.8282974113124194,type1,0.7,0.001536,54.0,50.0,50.0,20.0,0.003456790123456751,0.0011999999999999786,0.001666666666666668,0.002380952380952373
0.8287391777709368,0.825811307825071,type1,0.7,0.0015970000000000001,54.0,50.0,50.0,20.0,0.0033333333333332993,0.002266666666666639,0.0043333333333333375,0.004761904761904746
0.8282601243018477,0.8257711614172573,type1,0.7,0.001719,54.0,50.0,50.0,19.666666666666668,0.0033333333333332997,0.0016000000000000088,0.01800000000000002,0.016666666666666684
0.8212569922154119,0.818536673034663,type1,0.7,0.001963,54.0,50.0,50.0,20.0,0.0027160493827160423,0.0025333333333333505,0.005000000000000005,0.009523809523809492
0.8229236422291004,0.8206249581889341,type1,0.7,0.003915999999999999,54.0,50.0,50.0,20.0,0.0041975308641975335,0.0021333333333333577,0.0023333333333333357,0.002380952380952373
0.8228758264980448,0.8206173213313764,type1,0.7,0.007821999999999999,54.0,50.0,50.0,20.0,0.008641975308641933,0.0017333333333333274,0.0043333333333333375,0.011904761904761864
0.815313335711935,0.8136218616414547,type1,0.7,0.015635,54.0,50.0,50.0,19.666666666666668,0.013333333333333345,0.0029333333333333433,0.019666666666666686,0.023809523809523798
0.8075548362992878,0.8059838203246099,type1,0.7,0.03126,54.0,50.0,50.0,20.0,0.020246913580246922,0.003333333333333336,0.010000000000000009,0.009523809523809526
0.7778977271727671,0.7767455149495518,type1,0.7,0.06250900000000001,54.0,50.0,49.666666666666664,19.666666666666668,0.030617283950617247,0.012933333333333352,0.03933333333333333,0.019047619047619056
0.7425168766748972,0.7421544860513222,type1,0.7,0.12500899999999998,54.0,50.0,48.666666666666664,19.0,0.049629629629629614,0.04426666666666664,0.11033333333333332,0.054761904761904755
0.7168996569227829,0.7168843577495627,type1,0.7,0.25000700000000003,53.666666666666664,50.0,47.333333333333336,16.666666666666668,0.04716049382716051,0.09226666666666668,0.23933333333333331,0.16904761904761909
0.7039203679889456,0.7038228356739751,type1,0.7,0.500005,54.0,49.333333333333336,46.0,18.666666666666668,0.049876543209876556,0.11720000000000001,0.17666666666666667,0.0976190476190476
0.8253615830866302,0.8236586666444211,type1,0.9,0.015635,54.0,50.0,50.0,20.0,0.018888888888888844,0.002800000000000025,0.0020000000000000018,0.007142857142857118
0.8098401223506714,0.8084068115651282,type1,0.9,0.03126,54.0,50.0,50.0,19.333333333333332,0.016913580246913584,0.003866666666666685,0.03633333333333336,0.038095238095238106
0.7891903053532513,0.7877684372398305,type1,0.9,0.06250900000000001,54.0,50.0,50.0,20.0,0.024567901234567906,0.005066666666666664,0.019666666666666683,0.014285714285714271
0.7551681921266139,0.7549750477012763,type1,0.9,0.12500899999999998,54.0,50.0,49.0,19.333333333333332,0.03888888888888886,0.027066666666666645,0.072,0.04047619047619048
0.727668240384176,0.72745596610643,type1,0.9,0.25000700000000003,54.0,49.666666666666664,48.0,17.666666666666668,0.05901234567901233,0.06400000000000002,0.18866666666666668,0.12857142857142856
0.7082165200094258,0.7081122969893073,type1,0.9,0.500005,54.0,49.333333333333336,48.666666666666664,18.666666666666668,0.050864197530864165,0.10013333333333334,0.13033333333333333,0.0857142857142857
